<?xml version="1.0" encoding="UTF-8"?>
<DecviceAbility version="2.0"><BasicCapability version="2.0"><HardwareCapability><HardwareVersion>0x10</HardwareVersion><AlarmInPortNum>0</AlarmInPortNum><AlarmOutPortNum>0</AlarmOutPortNum><NetworkPortNum>1</NetworkPortNum><USBNum>0</USBNum><AudioOutNum>1</AudioOutNum><ResetSupport>1</ResetSupport><sirenNo min="0" max="0"/><electroLockNo min="0" max="0"/><mobileGateNo min="0" max="0"/></HardwareCapability><SoftwareCapability><NotSupportInputOutputConfigFile>1</NotSupportInputOutputConfigFile><NeedReboot><RestoreConfig>1</RestoreConfig></NeedReboot></SoftwareCapability></BasicCapability><SerialAbility version="2.0"><RS232><RS232Num>3</RS232Num><RS232Entry><baudRate opt="1200,2400,4800,9600,19200,38400,57600,76800,115.2k"/><dataBit opt="7,8"/><stopBit opt="1,2"/><parity opt="none,odd,even"/><flowcontrol opt="none,hard,soft"/><workMode opt="console,transparentChan"/></RS232Entry></RS232></SerialAbility><UserAbility version="2.0"><userNum>16</userNum><userNameLength min="1" max="32"/><userPasswordLength min="1" max="16"/><UserNet><IPV4Address>true</IPV4Address><IPV6Address>true</IPV6Address><MACAddress>true</MACAddress></UserNet><AlarmhostPermission><netUserNo min="1" max="1"/><userPriority opt="admin"/><AdminPermissionType opt="arm,disarm,bypass,log,reboot,setConfig,getConfig,resume,siren,alarmout,serialControl, controlLocalOut"/><ManagerPermissionType opt="arm,disarm,bypass,log,setConfig,getConfig,siren,alarmout,serialControl, controlLocalOut"/><OperaterPermissionType opt="arm,disarm,bypass,log,setConfig,getConfig,siren,alarmout,serialControl, controlLocalOut"/></AlarmhostPermission></UserAbility><NetAppAbility version="2.0"><Net><NetworkInterface><networkInterfaceNum>1</networkInterfaceNum><NetworkInterfaceEntry><id>1</id><type opt="10M/100M/1000M-adapt"/><MTU min="1500" max="1500"/></NetworkInterfaceEntry></NetworkInterface></Net></NetAppAbility><AlarmHostAbility version="2.0"><assistantControl opt="electricLock, mobileGate,audioOut,siren"/><GatewayConfig><enabled>true</enabled><delayTime min="0" max="65535"/></GatewayConfig><SirenConfig><enabled>true</enabled><outputDelay min="0" max="65535"/></SirenConfig><SearchOtherStatus><enabled>true</enabled><otherStatusType opt="siren"/></SearchOtherStatus><EnableConfig><enabled>true</enabled><enableType opt="audioOut,electricLock,mobileGate,siren"/></EnableConfig><TransparencySerial><enabled>true</enabled></TransparencySerial><AlarmHostLog><enabled>true</enabled></AlarmHostLog><RemoteUpgrade><enabled>true</enabled></RemoteUpgrade><VoiceUpload><enabled>true</enabled></VoiceUpload><VoiceDownload><enabled>true</enabled></VoiceDownload><voiceNo min="1" max="6"/><VoiceControl><enabled>true</enabled></VoiceControl><UploadSafetyCabinState><enabled>true</enabled></UploadSafetyCabinState><UploadAlarmoutStatus><enabled>true</enabled></UploadAlarmoutStatus><UploadSirenStatus><enabled>true</enabled></UploadSirenStatus></AlarmHostAbility></DecviceAbility>
